<?xml version='1.0' encoding='UTF-8'?>
<!DOCTYPE Plugin PUBLIC "sailpoint.dtd" "sailpoint.dtd">
<Plugin name="WorkItemInject" displayName="WorkItem Inject" version="0.5.0.0" minSystemVersion="7.2" certificationLevel="Gold">
	<Attributes>
		<Map>
			<entry key="snippets">
				<value>
					<List>
						<Snippet regexPattern=".*workItem.*" rightRequired="">							
			  		 <Scripts>
                <String>ui/js/workItemInject.js</String>
              </Scripts>
						</Snippet>
						<Snippet regexPattern=".*workitem.*" rightRequired="">							
			  		 <Scripts>
                <String>ui/js/workItemInject.js</String>
              </Scripts>
						</Snippet>
					</List>
				</value>
			</entry>
		</Map>
	</Attributes>
</Plugin>
